model,MAE,RMSE,MAPE_percent,final_absolute_error,final_percentage_error
GBM_mean,693.6939559446968,816.3058986193028,18.93716395554555,1490.4862885369598,34.44895480116784
Random_Walk_constant,803.369803968254,941.9290543078304,21.951306638997767,1713.4867000000004,39.60306534496411
