parameter,value
mu_daily,0.00042815735612075677
sigma_daily,0.010196435967487533
mu_annualized,0.10789565374243071
sigma_annualized,0.16186340297499774
